level,tO_ns,tP_ns,memO_bytes,memP_bytes
1,282.32500971553674,102.28023242374749,1600.0,496.0
2,716.4433156475591,104.58180688828654,3830.4,515.2
3,2858.5722222222225,108.65656150615875,13620.8,528.0
4,12312.4,112.64499834782514,49256.0,542.4
5,45695.9,114.64054430219082,185124.8,556.8
6,168554.2,113.42013757429747,730182.4,558.4
7,1.09859375e6,115.90752269509589,2.8943008e6,569.6
8,1.098526025e7,119.8374144917774,1.15499728e7,584.0
9,5.265176045e7,121.69719828269847,4.61595472e7,588.8
