n,tO_ns,tP_ns,memO_bytes,memP_bytes
1,260.5,93.1900826446281,1600,496
2,890.6595744680851,110.86618257261411,4688,528
3,2944.4444444444443,112.29552549427679,14128,544
4,11875.0,104.20971074380165,46000,528
5,45208.0,116.37252861602498,185440,560
6,169042.0,115.08108108108108,730960,576
7,1.0101875e6,116.62291666666667,2902656,576
8,1.1689292e7,100.93801652892562,11535344,560
9,5.3802521e7,109.51670146137788,46156240,592
