n,time_ns,memory_bytes
1,425125.0,33296
2,529334.0,76320
3,940125.0,248336
4,2.785375e6,945744
5,1.2927875e7,3805872
6,9.01980415e7,15324912
7,9.76266542e8,62577488
8,1.366142e10,252944336
9,2.35861489625e11,1034396720
